<?xml version="1.0" encoding="utf-8"?>
<extension version="1.6" type="file" method="upgrade">
    <name>Agora Pro 4 de-DE Sprachpaket</name>
    <version>4.17.1</version>
    <creationDate>2013-10-24</creationDate>
    <author>Hanjo Hingsen</author>
    <authorEmail>webmaster@treu-zu-kaarst.de</authorEmail>
    <authorUrl>http://www.treu-zu-kaarst.de</authorUrl>
    <copyright>Copyright (C) 2012, 2013. All rights reserved.</copyright>
    <license>http://www.gnu.org/licenses/gpl-2.0.html GNU/GPL</license>
    <description>
        <![CDATA[
            <div align="center">
              <table border="0" width="90%">
                <tr>
                  <td width="100%" colspan="2">
                    <div align="center">
                      <h3>Deutsche Übersetzung (informal) für AgoraPro 4</h3>
                      <br /><strong>von: <a href="mailto:webmaster@treu-zu-kaarst.de">Hanjo Hingsen</a></strong>
                      <br /><strong><a href="http://www.treu-zu-kaarst.de">Webmaster http://www.Treu-zu-Kaarst.de</a></strong>
                    </div>
                    <hr />
                  </td>
                </tr>
                <tr>
                  <td width="22%"><u><strong>Übersetzte Bereiche:</strong></u></td>
                  <td width="80%">Administrator (Backend) und Website (Frontend)</td>
                </tr>
                <tr>
                  <td width="22%"><u><strong>&Uuml;bersetzungsversion:</strong></u></td>
                  <td width="80%">4.17.1 (passend zu AgoraPro 4.17 und Agora Notifications Pro v4.16)</td>
                </tr>
                <tr>
                  <td width="22%"><u><strong>Changelog:</strong></u></td>
                  <td width="80%"><ul>
                                        <li>4.17.1: Anpassungen für Agora Pro 4.17 gemacht</li>
                                        <li>4.17.1: Neues Addon <b>Willkommens-Foren</b> übersetzt</li>
                                        <li>4.17.1: Neues Addon <b>Foren-Regeln</b> übersetzt</li>
                                        <li>4.17.1: Diverse Schreibfehler gefunden und korrigiert.</lt>
                                </ul>
                  </td>
                </tr>
                <td width="100%" colspan="2"><hr /></td>
                <tr>
                  <td width="22%"><u><strong>Agora-Website:</strong></u></td>
                  <td width="80%"><a href="http://www.jvitals.com" target="_blank">http://www.jvitals.com</a></td>
                </tr>
                </tr>
                <td width="100%" colspan="2"><hr /></td>
                <tr>
              </table>
            </div>]]>
    </description>
    <fileset>
        <files folder="site" target="language/de-DE">
            <filename>de-DE.agorapro_adn_alphauserpoints.ini</filename>
            <filename>de-DE.agorapro_adn_announcements.ini</filename>
            <filename>de-DE.agorapro_adn_attachments.ini</filename>
            <filename>de-DE.agorapro_adn_autoarticle.ini</filename>
            <filename>de-DE.agorapro_adn_avatar.ini</filename>
            <filename>de-DE.agorapro_adn_ban_controll.ini</filename>
            <filename>de-DE.agorapro_adn_captcha.ini</filename>
            <filename>de-DE.agorapro_adn_extendedreg.ini</filename>
            <filename>de-DE.agorapro_adn_feeds.ini</filename>
            <filename>de-DE.agorapro_adn_integration_uddeim.ini</filename>
            <filename>de-DE.agorapro_adn_likes.ini</filename>
            <filename>de-DE.agorapro_adn_login.ini</filename>
            <filename>de-DE.agorapro_adn_menu.ini</filename>
            <filename>de-DE.agorapro_adn_metagora.ini</filename>
            <filename>de-DE.agorapro_adn_moderation.ini</filename>
            <filename>de-DE.agorapro_adn_notifications.ini</filename>
            <filename>de-DE.agorapro_adn_notifications_pro.ini</filename>
            <filename>de-DE.agorapro_adn_pms.ini</filename>
            <filename>de-DE.agorapro_adn_polls.ini</filename>
            <filename>de-DE.agorapro_adn_ratings.ini</filename>
            <filename>de-DE.agorapro_adn_rss.ini</filename>
            <filename>de-DE.agorapro_adn_rules.ini</filename>
            <filename>de-DE.agorapro_adn_search.ini</filename>
            <filename>de-DE.agorapro_adn_socialbookmarks.ini</filename>
            <filename>de-DE.agorapro_adn_subscriptions.ini</filename>
            <filename>de-DE.agorapro_adn_thanks.ini</filename>
            <filename>de-DE.agorapro_adn_topic_announcements.ini</filename>
            <filename>de-DE.agorapro_adn_welcome_forum.ini</filename>
            <filename>de-DE.com_agorapro.ini</filename>
            <filename>de-DE.mod_agorapro_latest.ini</filename>
            <filename>de-DE.mod_agorapro_latest.sys.ini</filename>
            <filename>de-DE.mod_agorian_profile.ini</filename>
            <filename>de-DE.mod_agorian_profile.sys.ini</filename>
            <filename>de-DE.mod_agorians_online.ini</filename>
            <filename>de-DE.mod_agorians_online.sys.ini</filename>
        </files>
        <files folder="admin" target="administrator\language\de-DE">
            <filename>de-DE.agorapro_adn_announcements.ini</filename>
            <filename>de-DE.agorapro_adn_autoarticle.ini</filename>
            <filename>de-DE.agorapro_adn_ban_controll.ini</filename>
            <filename>de-DE.agorapro_adn_censoring.ini</filename>
            <filename>de-DE.agorapro_adn_discuss.ini</filename>
            <filename>de-DE.agorapro_adn_feeds.ini</filename>
            <filename>de-DE.agorapro_adn_integration_cb.ini</filename>
            <filename>de-DE.agorapro_adn_integration_jomsocial.ini</filename>
            <filename>de-DE.agorapro_adn_menu.ini</filename>
            <filename>de-DE.agorapro_adn_metagora.ini</filename>
            <filename>de-DE.agorapro_adn_notifications.ini</filename>
            <filename>de-DE.agorapro_adn_notifications_pro.ini</filename>
            <filename>de-DE.agorapro_adn_polls.ini</filename>
            <filename>de-DE.agorapro_adn_rss.ini</filename>
            <filename>de-DE.agorapro_adn_smilies.ini</filename>
            <filename>de-DE.agorapro_adn_socialbookmarks.ini</filename>
            <filename>de-DE.agorapro_adn_userranks.ini</filename>
            <filename>de-DE.agorapro_conv_kunena.ini</filename>
            <filename>de-DE.com_agorapro.ini</filename>
            <filename>de-DE.com_agorapro.menu.ini</filename>
            <filename>de-DE.com_agorapro.sys.ini</filename>
            <filename>de-DE.com_extendedreg_integration_agorapro.ini</filename>
            <filename>de-DE.mod_agorapro_admin.ini</filename>
            <filename>de-DE.mod_agorapro_admin.sys.ini</filename>
            <filename>de-DE.plg_search_agorapro.ini</filename>
            <filename>de-DE.plg_search_agorapro.sys.ini</filename>
        </files>
    </fileset>
    
</extension>